gene_name;extra_nucleotides;amino_acids
TRAJ1*01;g;YESITSQLQF
TRAJ10*01;;ILTGGGNKLTF
TRAJ11*01;tg;NSGYSTLTF
TRAJ12*01;gg;MDSSYKLIF
TRAJ13*01;tg;NSGGYQKVTF
TRAJ13*02;tg;NSGGYQKVTF
TRAJ14*01;;IYSTFIF
TRAJ15*01;cc;NQAGTALIF
TRAJ15*02;cc;NQAGTALIF
TRAJ17*01;tg;IKAAGNKLTF
TRAJ18*01;cc;DRGSTLGRLYF
TRAJ19*01;gc;YQRFYNFTF
TRAJ2*01;tg;NTGGTIDKLTF
TRAJ20*01;gt;SNDYKLSF
TRAJ21*01;;YNFNKFYF
TRAJ22*01;tt;SSGSARQLTF
TRAJ23*01;tg;IYNQGGKLIF
TRAJ23*02;tg;IYNQGGKLIF
TRAJ24*01;tg;TTDSWGKFEF
TRAJ24*02;tg;TTDSWGKLQF
TRAJ25*01;ca;EGQGFSFIF
TRAJ26*01;gg;DNYGQNFVF
TRAJ27*01;t;NTNAGKSTF
TRAJ28*01;ca;YSGAGSYQLTF
TRAJ29*01;gg;NSGNTPLVF
TRAJ3*01;g;GYSSASKIIF
TRAJ30*01;tg;NRDDKIIF
TRAJ31*01;g;NNNARLMF
TRAJ32*01;tg;NYGGATNKLIF
TRAJ32*02;at;GGATNKLIF
TRAJ33*01;tg;DSNYQLIW
TRAJ34*01;;SYNTDKLIF
TRAJ36*01;t;QTGANNLFF
TRAJ37*01;t;GSGNTGKLIF
TRAJ37*02;t;GSSNTGKLIF
TRAJ38*01;t;NAGNNRKLIW
TRAJ39*01;tg;NNNAGNMLTF
TRAJ4*01;tg;FSGGYNKLIF
TRAJ40*01;;TTSGTYKYIF
TRAJ41*01;g;NSNSGYALNF
TRAJ42*01;tg;NYGGSQGNLIF
TRAJ43*01;ac;NNNDMRF
TRAJ44*01;ta;NTGTASKLTF
TRAJ45*01;tg;YSGGGADGLTF
TRAJ46*01;ag;KKSSGDKLTF
TRAJ47*01;tg;EYGNKLVF
TRAJ47*02;tg;EYGNKLVF
TRAJ48*01;ta;SNFGNEKLTF
TRAJ49*01;g;NTGNQFYF
TRAJ5*01;tg;DTGRRALTF
TRAJ50*01;tg;KTSYDKVIF
TRAJ52*01;ct;NAGGTSYGKLTF
TRAJ53*01;ag;NSGGSNYKLTF
TRAJ54*01;ta;IQGAQKLVF
TRAJ57*01;ta;TQGGSEKLVF
TRAJ58*01;tt;*ETSGSRLTF
TRAJ59*01;gg;KEGNRKFTF
TRAJ6*01;t;ASGGSYIPTF
TRAJ60*01;tg;KIT*MLNF
TRAJ8*01;tg;NTGFQKLVF
TRAJ9*01;;GNTGGFKTIF
